policy,avg_reward,precision,recall,f1,false_positives,missed_attacks,market_stability,intervention_rate
Heuristic baseline,0.5175000000000006,0.0,0.0,0.0,0.0,0.65,48.96936125601934,0.0
PPO deterministic,1.0574999999999992,11.38211382113821,87.5,20.14388489208633,2.18,0.04,51.29788231037555,5.58
PPO stochastic,1.5974999999999988,15.789473684210526,89.1891891891892,26.829268292682926,1.76,0.04,40.8622709414952,4.74
TRL model (missing),0.0,0.0,0.0,0.0,0.0,0.0,100.0,0.0
TRL Unsloth model (missing),0.0,0.0,0.0,0.0,0.0,0.0,100.0,0.0
